Reel Link,Date
https://www.instagram.com/lilmae014/reel/C5ifoJiN3K9/,2024-04-09 11:25:48+00:00
https://www.instagram.com/lilmae014/reel/C5jds2ftz1c/,2024-04-09 20:28:25+00:00
https://www.instagram.com/lilmae014/reel/C5k4NdUNCn6/,2024-04-10 09:39:11+00:00
https://www.instagram.com/lilmae014/reel/C5otUHdoXhD/,2024-04-11 21:20:59+00:00
https://www.instagram.com/lilmae014/reel/C5p25JsoruW/,2024-04-12 08:03:52+00:00
https://www.instagram.com/lilmae014/reel/C5rVLHeIlnk/,2024-04-12 21:47:43+00:00
https://www.instagram.com/lilmae014/reel/C5soLE9o5gj/,2024-04-13 09:52:57+00:00
https://www.instagram.com/lilmae014/reel/C5twtjNIWMX/,2024-04-13 20:26:49+00:00
https://www.instagram.com/lilmae014/reel/C5vF8IjIJFp/,2024-04-14 08:51:32+00:00
https://www.instagram.com/lilmae014/reel/C5wgPQgtoU4/,2024-04-14 22:00:55+00:00
https://www.instagram.com/lilmae014/reel/C5xyfh4tYZm/,2024-04-15 09:59:10+00:00
https://www.instagram.com/lilmae014/reel/C5y8-UFNfW1/,2024-04-15 20:51:02+00:00
https://www.instagram.com/lilmae014/reel/C50V85mtLCA/,2024-04-16 09:47:39+00:00
https://www.instagram.com/lilmae014/reel/C51iNN9tAOc/,2024-04-16 20:53:50+00:00
https://www.instagram.com/lilmae014/reel/C53NWEXtuJT/,2024-04-17 12:30:05+00:00
https://www.instagram.com/lilmae014/reel/C54Buk1tRFw/,2024-04-17 20:08:14+00:00
https://www.instagram.com/lilmae014/reel/C577L82NSFk/,2024-04-19 08:28:14+00:00
https://www.instagram.com/lilmae014/reel/C5_qaAMtw93/,2024-04-20 19:17:57+00:00
https://www.instagram.com/lilmae014/reel/C6Bede5tjlO/,2024-04-21 12:12:30+00:00
https://www.instagram.com/lilmae014/reel/C6EGGg_t57z/,2024-04-22 12:36:55+00:00
https://www.instagram.com/lilmae014/reel/C6HlDaEN7br/,2024-04-23 21:05:14+00:00
https://www.instagram.com/lilmae014/reel/C6JJkLYNa2K/,2024-04-24 11:43:14+00:00
https://www.instagram.com/lilmae014/reel/C6KQ3SbtuEl/,2024-04-24 22:06:15+00:00
https://www.instagram.com/lilmae014/reel/C6LHN5aNIiP/,2024-04-25 06:01:30+00:00
https://www.instagram.com/lilmae014/reel/C6MwZO3Nv1x/,2024-04-25 21:20:18+00:00
https://www.instagram.com/lilmae014/reel/C6OVL_mtkek/,2024-04-26 12:01:12+00:00
https://www.instagram.com/lilmae014/reel/C6Qz7xKtUOY/,2024-04-27 11:08:10+00:00
https://www.instagram.com/lilmae014/reel/C6Ubgr1Nvji/,2024-04-28 20:52:35+00:00
https://www.instagram.com/lilmae014/reel/C6WhnSANyR6/,2024-04-29 16:24:00+00:00
https://www.instagram.com/lilmae014/reel/C6YszwmtI2z/,2024-04-30 12:40:08+00:00
https://www.instagram.com/lilmae014/reel/C6bXKiINhaI/,2024-05-01 13:28:29+00:00
https://www.instagram.com/lilmae014/reel/C6dcHyjt__x/,2024-05-02 08:50:14+00:00
https://www.instagram.com/lilmae014/reel/C6fzDUYtDDP/,2024-05-03 06:49:07+00:00
https://www.instagram.com/lilmae014/reel/C6hKWDUNOiy/,2024-05-03 19:31:54+00:00
https://www.instagram.com/lilmae014/reel/C6jmaHXtzDa/,2024-05-04 18:15:40+00:00
https://www.instagram.com/lilmae014/reel/C6lQieVtWr_/,2024-05-05 09:43:09+00:00
https://www.instagram.com/lilmae014/reel/C6olA-LNBN7/,2024-05-06 16:39:38+00:00
https://www.instagram.com/lilmae014/reel/C6qQiT_t9-d/,2024-05-07 08:19:14+00:00
https://www.instagram.com/lilmae014/reel/C6tSiJCNmc8/,2024-05-08 12:34:26+00:00
https://www.instagram.com/lilmae014/reel/C6uSA4RNVeZ/,2024-05-08 21:49:03+00:00
https://www.instagram.com/lilmae014/reel/C6v29WBNWgP/,2024-05-09 12:31:21+00:00
https://www.instagram.com/lilmae014/reel/C6weteLNadw/,2024-05-09 18:18:32+00:00
https://www.instagram.com/lilmae014/reel/C6x4117Ndpo/,2024-05-10 07:26:05+00:00
https://www.instagram.com/lilmae014/reel/C606a_VNSlA/,2024-05-11 11:37:33+00:00
https://www.instagram.com/lilmae014/reel/C63a2U8oI1L/,2024-05-12 10:59:25+00:00
https://www.instagram.com/lilmae014/reel/C64GtD1I18_/,2024-05-12 17:22:42+00:00
https://www.instagram.com/lilmae014/reel/C66Go1ao0VC/,2024-05-13 12:01:02+00:00
https://www.instagram.com/lilmae014/reel/C66_Ph3Issm/,2024-05-13 20:15:10+00:00
https://www.instagram.com/lilmae014/reel/C68fbZJoNx0/,2024-05-14 10:15:50+00:00
https://www.instagram.com/lilmae014/reel/C69sY7kImsH/,2024-05-14 21:28:13+00:00
https://www.instagram.com/lilmae014/reel/C6_WHWmIF3P/,2024-05-15 12:52:24+00:00
https://www.instagram.com/lilmae014/reel/C7ASsOaIkk5/,2024-05-15 21:41:26+00:00
https://www.instagram.com/lilmae014/reel/C7BTXiyIl1l/,2024-05-16 07:06:26+00:00
https://www.instagram.com/lilmae014/reel/C7EjmspIV8J/,2024-05-17 13:28:21+00:00
https://www.instagram.com/lilmae014/reel/C7Ej73qIc7Z/,2024-05-17 13:29:55+00:00
https://www.instagram.com/lilmae014/reel/C7HAqEmoOE0/,2024-05-18 12:18:40+00:00
https://www.instagram.com/lilmae014/reel/C7IKwZdosIk/,2024-05-18 23:06:01+00:00
https://www.instagram.com/lilmae014/reel/C7JcvirIumA/,2024-05-19 11:02:21+00:00
https://www.instagram.com/lilmae014/reel/C7MM8lFo-QB/,2024-05-20 12:42:13+00:00
https://www.instagram.com/lilmae014/reel/C7NJpBfIPxC/,2024-05-20 21:32:23+00:00
https://www.instagram.com/lilmae014/reel/C7OLLXsIT1-/,2024-05-21 07:05:01+00:00
https://www.instagram.com/lilmae014/reel/C7Pd74GIQ9p/,2024-05-21 19:08:17+00:00
https://www.instagram.com/lilmae014/reel/C7RfMCaI79n/,2024-05-22 13:57:46+00:00
https://www.instagram.com/lilmae014/reel/C7Sb1R8oiCU/,2024-05-22 22:47:42+00:00
https://www.instagram.com/lilmae014/reel/C7Tv8_8ICNr/,2024-05-23 11:02:39+00:00
https://www.instagram.com/lilmae014/reel/C7VCLi7okqr/,2024-05-23 23:01:06+00:00
https://www.instagram.com/lilmae014/reel/C7WS4-uoKLh/,2024-05-24 10:46:45+00:00
https://www.instagram.com/lilmae014/reel/C7W4TA4I-mS/,2024-05-24 16:14:22+00:00
https://www.instagram.com/lilmae014/reel/C7ZELwQINx-/,2024-05-25 12:35:39+00:00
https://www.instagram.com/lilmae014/reel/C7Z8mZeIzhA/,2024-05-25 20:48:38+00:00
https://www.instagram.com/lilmae014/reel/C7brmWZIHgG/,2024-05-26 12:58:29+00:00
https://www.instagram.com/lilmae014/reel/C7crDx2ovFP/,2024-05-26 22:12:58+00:00
https://www.instagram.com/lilmae014/reel/C7d_tnTI0kU/,2024-05-27 10:32:48+00:00
https://www.instagram.com/lilmae014/reel/C7ekwBoIGLQ/,2024-05-27 15:56:51+00:00
https://www.instagram.com/lilmae014/reel/C7gjaTdIreO/,2024-05-28 10:23:27+00:00
https://www.instagram.com/lilmae014/reel/C7hc_Z6ImOL/,2024-05-28 18:46:13+00:00
https://www.instagram.com/lilmae014/reel/C7jJPbHo9sE/,2024-05-29 10:32:11+00:00
https://www.instagram.com/lilmae014/reel/C7jqdGFITxC/,2024-05-29 15:22:34+00:00
https://www.instagram.com/lilmae014/reel/C7l86ykogeR/,2024-05-30 12:42:24+00:00
https://www.instagram.com/lilmae014/reel/C7mx0UwoLX6/,2024-05-30 20:24:27+00:00
https://www.instagram.com/lilmae014/reel/C7ocXc9IwgN/,2024-05-31 11:55:41+00:00
https://www.instagram.com/lilmae014/reel/C7pe1rUIfMd/,2024-05-31 21:36:31+00:00
https://www.instagram.com/lilmae014/reel/C7rE4LXoRR8/,2024-06-01 12:27:56+00:00
https://www.instagram.com/lilmae014/reel/C7t0gJ-IN0g/,2024-06-02 14:02:52+00:00
https://www.instagram.com/lilmae014/reel/C7wNc3FI4dw/,2024-06-03 12:19:06+00:00
https://www.instagram.com/lilmae014/reel/C7xI3-wITK2/,2024-06-03 20:58:44+00:00
https://www.instagram.com/lilmae014/reel/C7zbcl7IDMe/,2024-06-04 18:19:41+00:00
https://www.instagram.com/lilmae014/reel/C71EzWxI39X/,2024-06-05 09:39:59+00:00
https://www.instagram.com/lilmae014/reel/C71vB8WIoPn/,2024-06-05 15:49:03+00:00
https://www.instagram.com/lilmae014/reel/C73wK9VoZyY/,2024-06-06 10:37:23+00:00
https://www.instagram.com/lilmae014/reel/C741uMpIAkr/,2024-06-06 20:44:53+00:00
https://www.instagram.com/lilmae014/reel/C76JCrXIAot/,2024-06-07 08:52:56+00:00
https://www.instagram.com/lilmae014/reel/C77Gtf4IJmT/,2024-06-07 17:51:52+00:00
https://www.instagram.com/lilmae014/reel/C793j7cIczn/,2024-06-08 19:37:11+00:00
https://www.instagram.com/lilmae014/reel/C79-vkEIQ5K/,2024-06-08 20:39:56+00:00
https://www.instagram.com/lilmae014/reel/C7_vy_Bo4Ex/,2024-06-09 13:07:50+00:00
https://www.instagram.com/lilmae014/reel/C8AgQtWIP9N/,2024-06-09 20:11:33+00:00
https://www.instagram.com/lilmae014/reel/C8CA3xyowQ7/,2024-06-10 10:15:31+00:00
https://www.instagram.com/lilmae014/reel/C8DFl1royQA/,2024-06-10 20:16:30+00:00
https://www.instagram.com/lilmae014/reel/C8FckIxI3qH/,2024-06-11 18:15:11+00:00
https://www.instagram.com/lilmae014/reel/C8HebD6I5S4/,2024-06-12 13:09:56+00:00
https://www.instagram.com/lilmae014/reel/C8IWU5EoRnJ/,2024-06-12 21:18:31+00:00
https://www.instagram.com/lilmae014/reel/C8J3MUSI0jk/,2024-06-13 11:25:13+00:00
https://www.instagram.com/lilmae014/reel/C8K7HCWo_qu/,2024-06-13 21:18:30+00:00
https://www.instagram.com/lilmae014/reel/C8MiJFHorNj/,2024-06-14 12:19:24+00:00
https://www.instagram.com/lilmae014/reel/C8NjBPRIu7P/,2024-06-14 21:46:06+00:00
https://www.instagram.com/lilmae014/reel/C8O1nmiIArG/,2024-06-15 09:47:50+00:00
https://www.instagram.com/lilmae014/reel/C8QI5kgo-z5/,2024-06-15 21:56:06+00:00
https://www.instagram.com/lilmae014/reel/C8RYgHkI2Up/,2024-06-16 09:31:40+00:00
https://www.instagram.com/lilmae014/reel/C8Sl4W4oTXr/,2024-06-16 20:47:36+00:00
https://www.instagram.com/lilmae014/reel/C8T1wROoAA8/,2024-06-17 08:25:04+00:00
https://www.instagram.com/lilmae014/reel/C8VLdR4IBs7/,2024-06-17 20:54:52+00:00
https://www.instagram.com/lilmae014/reel/C8XF7AgIS2S/,2024-06-18 14:43:52+00:00
https://www.instagram.com/lilmae014/reel/C8X1nznok1q/,2024-06-18 21:42:46+00:00
https://www.instagram.com/lilmae014/reel/C8ZXNNMoHN4/,2024-06-19 11:53:34+00:00
https://www.instagram.com/lilmae014/reel/C8b0h9EoiEo/,2024-06-20 10:48:07+00:00
https://www.instagram.com/lilmae014/reel/C8c8z54IecY/,2024-06-20 21:20:44+00:00
https://www.instagram.com/lilmae014/reel/C8eYUJSIY8o/,2024-06-21 10:39:16+00:00
https://www.instagram.com/lilmae014/reel/C8fjylEIqUD/,2024-06-21 21:40:16+00:00
https://www.instagram.com/lilmae014/reel/C8g4xCpocNh/,2024-06-22 10:01:21+00:00
https://www.instagram.com/lilmae014/reel/C8iFYFIIgq-/,2024-06-22 21:10:54+00:00
https://www.instagram.com/lilmae014/reel/C8jmMTxogxN/,2024-06-23 11:16:52+00:00
https://www.instagram.com/lilmae014/reel/C8kiXZbI0YW/,2024-06-23 20:02:37+00:00
https://www.instagram.com/lilmae014/reel/C8mMaWNowr5/,2024-06-24 11:29:16+00:00
https://www.instagram.com/lilmae014/reel/C8nF93IoBTK/,2024-06-24 19:52:10+00:00
https://www.instagram.com/lilmae014/reel/C8o0jkKoqEU/,2024-06-25 11:59:09+00:00
https://www.instagram.com/lilmae014/reel/C8pjiF0ImX3/,2024-06-25 18:49:01+00:00
https://www.instagram.com/lilmae014/reel/C8rZpi-oVWY/,2024-06-26 12:00:56+00:00
https://www.instagram.com/lilmae014/reel/C8saNwHK7yZ/,2024-06-26 21:25:27+00:00
https://www.instagram.com/lilmae014/reel/C8ttGKaqgNt/,2024-06-27 09:29:33+00:00
https://www.instagram.com/lilmae014/reel/C8uvBsjocRz/,2024-06-27 19:05:29+00:00
https://www.instagram.com/lilmae014/reel/C8wjICPIegD/,2024-06-28 12:00:19+00:00
https://www.instagram.com/lilmae014/reel/C8xYmqvoyNY/,2024-06-28 19:47:47+00:00
https://www.instagram.com/lilmae014/reel/C8zCRxdIrkd/,2024-06-29 11:10:46+00:00
https://www.instagram.com/lilmae014/reel/C81UbulIbhh/,2024-06-30 08:27:50+00:00
https://www.instagram.com/lilmae014/reel/C82k9oHowiI/,2024-06-30 20:11:37+00:00
https://www.instagram.com/lilmae014/reel/C84a8Iio_4-/,2024-07-01 13:22:39+00:00
https://www.instagram.com/lilmae014/reel/C85JzIkI54F/,2024-07-01 20:11:58+00:00
https://www.instagram.com/lilmae014/reel/C86o4iEIfTp/,2024-07-02 10:02:58+00:00
https://www.instagram.com/lilmae014/reel/C89NvI6IfHZ/,2024-07-03 10:03:13+00:00
https://www.instagram.com/lilmae014/reel/C8-STkaIwC_/,2024-07-03 20:02:39+00:00
https://www.instagram.com/lilmae014/reel/C9AQXTTIBIR/,2024-07-04 14:23:51+00:00
https://www.instagram.com/lilmae014/reel/C9ArHnToInN/,2024-07-04 18:17:55+00:00
https://www.instagram.com/lilmae014/reel/C9CgYx7IDbM/,2024-07-05 11:22:52+00:00
https://www.instagram.com/lilmae014/reel/C9DWl0VILUf/,2024-07-05 19:16:07+00:00
https://www.instagram.com/lilmae014/reel/C9FHkx6o23V/,2024-07-06 11:43:36+00:00
https://www.instagram.com/lilmae014/reel/C9GHFgpoJlq/,2024-07-06 20:59:03+00:00
https://www.instagram.com/lilmae014/reel/C9H0Vb8oT8R/,2024-07-07 12:52:56+00:00
https://www.instagram.com/lilmae014/reel/C9IqNWMI0xP/,2024-07-07 20:44:23+00:00
https://www.instagram.com/lilmae014/reel/C9Kae_YoObG/,2024-07-08 13:04:54+00:00
https://www.instagram.com/lilmae014/reel/C9LP4jfIS-R/,2024-07-08 20:51:24+00:00
https://www.instagram.com/lilmae014/reel/C9M4m3goiJ7/,2024-07-09 12:06:26+00:00
https://www.instagram.com/lilmae014/reel/C9N0IuhoXIV/,2024-07-09 20:46:39+00:00
https://www.instagram.com/lilmae014/reel/C9PcRZToV7E/,2024-07-10 11:56:36+00:00
https://www.instagram.com/lilmae014/reel/C9QX5QgISh0/,2024-07-10 20:37:55+00:00
https://www.instagram.com/lilmae014/reel/C9SDXm1In8p/,2024-07-11 12:16:44+00:00
https://www.instagram.com/lilmae014/reel/C9SlIKRIGBU/,2024-07-11 17:11:47+00:00
https://www.instagram.com/lilmae014/reel/C9Unj9foQ3-/,2024-07-12 12:11:31+00:00
https://www.instagram.com/lilmae014/reel/C9VjuS8o0gD/,2024-07-12 20:57:27+00:00
https://www.instagram.com/lilmae014/reel/C9XSxf3oHB3/,2024-07-13 13:07:31+00:00
https://www.instagram.com/lilmae014/reel/C9X7-OrozfV/,2024-07-13 19:07:29+00:00
https://www.instagram.com/lilmae014/reel/C9Zkn0XIo05/,2024-07-14 10:21:57+00:00
https://www.instagram.com/lilmae014/reel/C9aukyqovj-/,2024-07-14 21:08:47+00:00
https://www.instagram.com/lilmae014/reel/C9cT8qaoTNc/,2024-07-15 11:54:26+00:00
https://www.instagram.com/lilmae014/reel/C9dJS2ooIns/,2024-07-15 19:40:44+00:00
https://www.instagram.com/lilmae014/reel/C9ex93bIleB/,2024-07-16 10:54:58+00:00
https://www.instagram.com/lilmae014/reel/C9fpDmYISgp/,2024-07-16 18:56:10+00:00
https://www.instagram.com/lilmae014/reel/C9hV97WI3TI/,2024-07-17 10:47:52+00:00
https://www.instagram.com/lilmae014/reel/C9iY5psomy-/,2024-07-17 20:32:52+00:00
https://www.instagram.com/lilmae014/reel/C9j5QGKIhUg/,2024-07-18 10:34:51+00:00
https://www.instagram.com/lilmae014/reel/C9lM7TCI3jh/,2024-07-18 22:45:48+00:00
https://www.instagram.com/lilmae014/reel/C9maFprozd_/,2024-07-19 09:59:56+00:00
https://www.instagram.com/lilmae014/reel/C9nXKDRo-DU/,2024-07-19 18:53:35+00:00
https://www.instagram.com/lilmae014/reel/C9pF16_ocsI/,2024-07-20 11:00:51+00:00
https://www.instagram.com/lilmae014/reel/C9qJJFjI72g/,2024-07-20 20:48:54+00:00
https://www.instagram.com/lilmae014/reel/C9rxlnNojNK/,2024-07-21 12:02:03+00:00
https://www.instagram.com/lilmae014/reel/C9snhOqIVf8/,2024-07-21 19:53:06+00:00
https://www.instagram.com/lilmae014/reel/C9uG4iiIWSk/,2024-07-22 09:46:03+00:00
https://www.instagram.com/lilmae014/reel/C9vKwmno49E/,2024-07-22 19:39:13+00:00
https://www.instagram.com/lilmae014/reel/C9w2YZ6o4aD/,2024-07-23 11:19:39+00:00
https://www.instagram.com/lilmae014/reel/C9xxslio9Ll/,2024-07-23 19:57:51+00:00
https://www.instagram.com/lilmae014/reel/C9zTpk1ooC2/,2024-07-24 10:14:02+00:00
https://www.instagram.com/lilmae014/reel/C90Pd0-IDCX/,2024-07-24 18:56:35+00:00
https://www.instagram.com/lilmae014/reel/C919yKjIt4r/,2024-07-25 11:00:29+00:00
https://www.instagram.com/lilmae014/reel/C93ROg7I-N6/,2024-07-25 23:09:34+00:00
https://www.instagram.com/lilmae014/reel/C94p09xI77S/,2024-07-26 12:03:52+00:00
https://www.instagram.com/lilmae014/reel/C95jkQRo4mt/,2024-07-26 20:28:17+00:00
https://www.instagram.com/lilmae014/reel/C97TeOPI7h1/,2024-07-27 12:46:21+00:00
https://www.instagram.com/lilmae014/reel/C98R8ZHoHIc/,2024-07-27 21:52:31+00:00
https://www.instagram.com/lilmae014/reel/C995mc9oxm0/,2024-07-28 12:57:52+00:00
https://www.instagram.com/lilmae014/reel/C9-vts7o52X/,2024-07-28 20:50:37+00:00
https://www.instagram.com/lilmae014/reel/C-Ac3Cwoqb3/,2024-07-29 12:44:24+00:00
https://www.instagram.com/lilmae014/reel/C-DM2_uoQCN/,2024-07-30 14:22:17+00:00
https://www.instagram.com/lilmae014/reel/C-D5brxI9C-/,2024-07-30 20:51:49+00:00
https://www.instagram.com/lilmae014/reel/C-F0gmBo85e/,2024-07-31 14:47:23+00:00
https://www.instagram.com/lilmae014/reel/C-GjKAno3vg/,2024-07-31 21:34:56+00:00
https://www.instagram.com/lilmae014/reel/C-IFBCyIKCs/,2024-08-01 11:50:02+00:00
https://www.instagram.com/lilmae014/reel/C-JCYifoD9C/,2024-08-01 20:46:27+00:00
https://www.instagram.com/lilmae014/reel/C-KpEb-In06/,2024-08-02 11:43:25+00:00
https://www.instagram.com/lilmae014/reel/C-Lq_i_ozq_/,2024-08-02 21:19:41+00:00
https://www.instagram.com/lilmae014/reel/C-M_AjpIvrx/,2024-08-03 09:33:45+00:00
https://www.instagram.com/lilmae014/reel/C-ORKqTost8/,2024-08-03 21:31:44+00:00
https://www.instagram.com/lilmae014/reel/C-Ph6q7IQre/,2024-08-04 09:17:17+00:00
https://www.instagram.com/lilmae014/reel/C-Q3ciZIHkC/,2024-08-04 21:44:54+00:00
https://www.instagram.com/lilmae014/reel/C-SRSpTImOO/,2024-08-05 10:50:09+00:00
https://www.instagram.com/lilmae014/reel/C-TqneaIWDs/,2024-08-05 23:50:46+00:00
https://www.instagram.com/lilmae014/reel/C-Uv77UoRDR/,2024-08-06 09:55:58+00:00
https://www.instagram.com/lilmae014/reel/C-WG7UiI0MS/,2024-08-06 22:36:07+00:00
https://www.instagram.com/lilmae014/reel/C-XcdNuoQLp/,2024-08-07 11:03:43+00:00
https://www.instagram.com/lilmae014/reel/C-Yn54zIiOI/,2024-08-07 22:02:44+00:00
https://www.instagram.com/lilmae014/reel/C-aGWRho2od/,2024-08-08 11:47:59+00:00
https://www.instagram.com/lilmae014/reel/C-bCnohobhj/,2024-08-08 20:34:52+00:00
https://www.instagram.com/lilmae014/reel/C-dsyU9o9_x/,2024-08-09 21:21:39+00:00
https://www.instagram.com/lilmae014/reel/C-fC3x3I2oZ/,2024-08-10 09:53:51+00:00
https://www.instagram.com/lilmae014/reel/C-gU73Ro4Ss/,2024-08-10 21:51:01+00:00
https://www.instagram.com/lilmae014/reel/C-ht_OEI4MO/,2024-08-11 10:48:59+00:00
https://www.instagram.com/lilmae014/reel/C-i_112I1hJ/,2024-08-11 22:44:17+00:00
https://www.instagram.com/lilmae014/reel/C-kLaJuIsTh/,2024-08-12 09:44:34+00:00
https://www.instagram.com/lilmae014/reel/C-lYj4BIzyY/,2024-08-12 20:58:46+00:00
https://www.instagram.com/lilmae014/reel/C-mzLCro9gd/,2024-08-13 10:10:33+00:00
https://www.instagram.com/lilmae014/reel/C-oG0dFIwcw/,2024-08-13 22:21:26+00:00
https://www.instagram.com/lilmae014/reel/C-pOMG3o1fA/,2024-08-14 08:45:06+00:00
https://www.instagram.com/lilmae014/reel/C-qYd-UoeL5/,2024-08-14 19:34:07+00:00
https://www.instagram.com/lilmae014/reel/C-r35KYofUD/,2024-08-15 09:27:56+00:00
https://www.instagram.com/lilmae014/reel/C-tJBrHoG2b/,2024-08-15 21:16:54+00:00
https://www.instagram.com/lilmae014/reel/C-uejGVobRU/,2024-08-16 09:44:20+00:00
https://www.instagram.com/lilmae014/reel/C-vn4fxoXbB/,2024-08-16 20:25:02+00:00
https://www.instagram.com/lilmae014/reel/C-xNQdloU3D/,2024-08-17 11:10:51+00:00
https://www.instagram.com/lilmae014/reel/C-yNNbsIT2r/,2024-08-17 20:29:39+00:00
https://www.instagram.com/lilmae014/reel/C-zyM4XIVgV/,2024-08-18 11:12:11+00:00
https://www.instagram.com/lilmae014/reel/C-0zhqCoygm/,2024-08-18 20:42:54+00:00
https://www.instagram.com/lilmae014/reel/C-2iWEfI3wR/,2024-08-19 12:51:25+00:00
https://www.instagram.com/lilmae014/reel/C-3XZBjILW6/,2024-08-19 20:34:51+00:00
https://www.instagram.com/lilmae014/reel/C-40K5CIZTl/,2024-08-20 10:05:31+00:00
https://www.instagram.com/lilmae014/reel/C-6FMQrofTg/,2024-08-20 21:53:29+00:00
https://www.instagram.com/lilmae014/reel/C-7X83gIysQ/,2024-08-21 09:56:46+00:00
https://www.instagram.com/lilmae014/reel/C-8pYclI4Ji/,2024-08-21 21:48:13+00:00
https://www.instagram.com/lilmae014/reel/C--Mp1eoDJI/,2024-08-22 12:15:38+00:00
https://www.instagram.com/lilmae014/reel/C-_TQQrIW-M/,2024-08-22 22:32:46+00:00
https://www.instagram.com/lilmae014/reel/C_AqU9dItNx/,2024-08-23 11:13:28+00:00
https://www.instagram.com/lilmae014/reel/C_BytCBIuNA/,2024-08-23 21:45:51+00:00
https://www.instagram.com/lilmae014/reel/C_DQe4MIQIP/,2024-08-24 11:25:30+00:00
https://www.instagram.com/lilmae014/reel/C_EToUJoN4G/,2024-08-24 21:12:08+00:00
https://www.instagram.com/lilmae014/reel/C_FsccaImKx/,2024-08-25 10:08:11+00:00
https://www.instagram.com/lilmae014/reel/C_G_FgKoTt9/,2024-08-25 22:10:15+00:00
https://www.instagram.com/lilmae014/reel/C_IaorhITj_/,2024-08-26 11:30:17+00:00
https://www.instagram.com/lilmae014/reel/C_JfaHqIxw6/,2024-08-26 21:31:31+00:00
https://www.instagram.com/lilmae014/reel/C_KwXR0IYe9/,2024-08-27 09:19:19+00:00
https://www.instagram.com/lilmae014/reel/C_MHLGJoZIq/,2024-08-27 21:57:51+00:00
https://www.instagram.com/lilmae014/reel/C_NgfKAosbH/,2024-08-28 10:59:50+00:00
https://www.instagram.com/lilmae014/reel/C_Om4zxIln3/,2024-08-28 21:12:43+00:00
https://www.instagram.com/lilmae014/reel/C_P76yGoXcF/,2024-08-29 09:35:45+00:00
https://www.instagram.com/lilmae014/reel/C_RLGQUo5RL/,2024-08-29 21:07:57+00:00
https://www.instagram.com/lilmae014/reel/C_SyKJjo46j/,2024-08-30 12:08:13+00:00
https://www.instagram.com/lilmae014/reel/C_Tz2-tIVBD/,2024-08-30 21:42:51+00:00
https://www.instagram.com/lilmae014/reel/C_VVR7qouTP/,2024-08-31 11:53:52+00:00
https://www.instagram.com/lilmae014/reel/C_Xw5dNoDnC/,2024-09-01 10:33:31+00:00
https://www.instagram.com/lilmae014/reel/C_Y5UwWIXFt/,2024-09-01 21:06:26+00:00
https://www.instagram.com/lilmae014/reel/C_abXnHIGgu/,2024-09-02 11:24:57+00:00
https://www.instagram.com/lilmae014/reel/C_bdBtJof8A/,2024-09-02 20:56:45+00:00
https://www.instagram.com/lilmae014/reel/C_dCTARo89Y/,2024-09-03 11:42:13+00:00
https://www.instagram.com/lilmae014/reel/C_d-GO4oCML/,2024-09-03 20:24:38+00:00
https://www.instagram.com/lilmae014/reel/C_ffDCrIVJC/,2024-09-04 10:31:22+00:00
https://www.instagram.com/lilmae014/reel/C_gsOTNIU9e/,2024-09-04 21:45:46+00:00
https://www.instagram.com/lilmae014/reel/C_iJfbiICOf/,2024-09-05 11:20:42+00:00
https://www.instagram.com/lilmae014/reel/C_jUUj_orJD/,2024-09-05 22:14:53+00:00
https://www.instagram.com/lilmae014/reel/C_kqTAtIuzI/,2024-09-06 10:46:01+00:00
https://www.instagram.com/lilmae014/reel/C_lnp0SIFYs/,2024-09-06 19:42:00+00:00
https://www.instagram.com/lilmae014/reel/C_nQIFPIfCf/,2024-09-07 10:55:01+00:00
https://www.instagram.com/lilmae014/reel/C_oXk6jIqt5/,2024-09-07 21:19:20+00:00
https://www.instagram.com/lilmae014/reel/C_qF-tQo3Tn/,2024-09-08 13:23:56+00:00
https://www.instagram.com/lilmae014/reel/C_qv2wUIVNK/,2024-09-08 19:30:12+00:00
https://www.instagram.com/lilmae014/reel/C_sjF4eo07w/,2024-09-09 12:16:49+00:00
https://www.instagram.com/lilmae014/reel/C_tnORkoF2S/,2024-09-09 22:12:37+00:00
https://www.instagram.com/lilmae014/reel/C_vZ0U-IWOb/,2024-09-10 14:53:39+00:00
https://www.instagram.com/lilmae014/reel/C_wLZlwIWwX/,2024-09-10 22:06:52+00:00
https://www.instagram.com/lilmae014/reel/C_xi6RhIXAu/,2024-09-11 10:51:34+00:00
https://www.instagram.com/lilmae014/reel/C_yr2pYIy9M/,2024-09-11 21:29:02+00:00
https://www.instagram.com/lilmae014/reel/C_0S93ZoCMO/,2024-09-12 12:29:59+00:00
https://www.instagram.com/lilmae014/reel/C_1Ubgdo479/,2024-09-12 22:02:58+00:00
https://www.instagram.com/lilmae014/reel/C_2vYqFoSYb/,2024-09-13 11:17:03+00:00
https://www.instagram.com/lilmae014/reel/C_39ZX_IzVG/,2024-09-13 22:38:57+00:00
https://www.instagram.com/lilmae014/reel/C_5UM_goG-t/,2024-09-14 11:17:03+00:00
https://www.instagram.com/lilmae014/reel/C_6XmTnIj5h/,2024-09-14 21:05:52+00:00
https://www.instagram.com/lilmae014/reel/C_8AdC9oolq/,2024-09-15 12:22:10+00:00
https://www.instagram.com/lilmae014/reel/C_8-5wconTc/,2024-09-15 21:27:54+00:00
https://www.instagram.com/lilmae014/reel/C_-eFEDI8CW/,2024-09-16 11:19:26+00:00
https://www.instagram.com/lilmae014/reel/C__nsSwIvUf/,2024-09-16 22:02:57+00:00
https://www.instagram.com/lilmae014/reel/DAA_n37oQJo/,2024-09-17 10:51:42+00:00
https://www.instagram.com/lilmae014/reel/DACNhUeom_N/,2024-09-17 22:11:41+00:00
https://www.instagram.com/lilmae014/reel/DAD3gBboj2p/,2024-09-18 13:37:51+00:00
https://www.instagram.com/lilmae014/reel/DAEj3V2IoXi/,2024-09-18 20:05:22+00:00
https://www.instagram.com/lilmae014/reel/DAGdGA9oibl/,2024-09-19 13:44:51+00:00
https://www.instagram.com/lilmae014/reel/DAHhncBogmA/,2024-09-19 23:43:22+00:00
https://www.instagram.com/lilmae014/reel/DAI4_Y9oUcF/,2024-09-20 12:26:58+00:00
https://www.instagram.com/lilmae014/reel/DAJ-UOOIjq1/,2024-09-20 22:32:41+00:00
https://www.instagram.com/lilmae014/reel/DALVQk3Io6a/,2024-09-21 11:12:39+00:00
https://www.instagram.com/lilmae014/reel/DAMV0gYIE9h/,2024-09-21 20:36:41+00:00
https://www.instagram.com/lilmae014/reel/DAOIWt-oSJc/,2024-09-22 13:17:31+00:00
https://www.instagram.com/lilmae014/reel/DAPJETpohT5/,2024-09-22 22:43:04+00:00
https://www.instagram.com/lilmae014/reel/DAQk_D2oia1/,2024-09-23 12:06:15+00:00
https://www.instagram.com/lilmae014/reel/DARuF5mIsK3/,2024-09-23 22:44:56+00:00
https://www.instagram.com/lilmae014/reel/DATMZzJIv9K/,2024-09-24 12:28:57+00:00
https://www.instagram.com/lilmae014/reel/DAUZuNDofY9/,2024-09-24 23:44:39+00:00
https://www.instagram.com/lilmae014/reel/DAV9CVlIXDd/,2024-09-25 14:12:29+00:00
https://www.instagram.com/lilmae014/reel/DAWvVdcoHqX/,2024-09-25 21:32:00+00:00
https://www.instagram.com/lilmae014/reel/DAYfBeAIFkN/,2024-09-26 13:48:06+00:00
https://www.instagram.com/lilmae014/reel/DAZYx9zohIN/,2024-09-26 22:12:54+00:00
https://www.instagram.com/lilmae014/reel/DAa4_zGoiXZ/,2024-09-27 12:13:27+00:00
https://www.instagram.com/lilmae014/reel/DAcAlUpIr5h/,2024-09-27 22:38:54+00:00
https://www.instagram.com/lilmae014/reel/DAdQ5H3oPK_/,2024-09-28 10:20:42+00:00
https://www.instagram.com/lilmae014/reel/DAeah5UoKRE/,2024-09-28 21:04:05+00:00
https://www.instagram.com/lilmae014/reel/DAf7Nlao9u0/,2024-09-29 11:08:57+00:00
https://www.instagram.com/lilmae014/reel/DAhIfPuIpJE/,2024-09-29 22:24:36+00:00
https://www.instagram.com/lilmae014/reel/DAiiUFFInz8/,2024-09-30 11:29:20+00:00
https://www.instagram.com/lilmae014/reel/DAjqm_2ItQT/,2024-09-30 22:00:48+00:00
https://www.instagram.com/lilmae014/reel/DAlCKbGo3JO/,2024-10-01 10:45:57+00:00
https://www.instagram.com/lilmae014/reel/DAmdE2qIxFd/,2024-10-02 00:00:18+00:00
https://www.instagram.com/lilmae014/reel/DAnoFPNobaI/,2024-10-02 10:55:36+00:00
https://www.instagram.com/lilmae014/reel/DAqMzwII5GF/,2024-10-03 10:55:01+00:00
https://www.instagram.com/lilmae014/reel/DArVpFwq-GJ/,2024-10-03 21:31:29+00:00
https://www.instagram.com/lilmae014/reel/DAspeFtq6CA/,2024-10-04 09:44:00+00:00
https://www.instagram.com/lilmae014/reel/DAtyg2soPnQ/,2024-10-04 20:22:12+00:00
https://www.instagram.com/lilmae014/reel/DAwrapQI-7y/,2024-10-05 23:18:07+00:00
https://www.instagram.com/lilmae014/reel/DAx-UqKIab5/,2024-10-06 11:22:22+00:00
https://www.instagram.com/lilmae014/reel/DAy67O0oYPT/,2024-10-06 20:11:55+00:00
https://www.instagram.com/lilmae014/reel/DAz-Jfio087/,2024-10-07 05:59:23+00:00
https://www.instagram.com/lilmae014/reel/DA1lGZvIECF/,2024-10-07 20:59:39+00:00
https://www.instagram.com/lilmae014/reel/DA3F7k0oNbB/,2024-10-08 11:05:02+00:00
https://www.instagram.com/lilmae014/reel/DA4Mel0I5wF/,2024-10-08 21:21:43+00:00
https://www.instagram.com/lilmae014/reel/DA5O-GGolt0/,2024-10-09 07:02:33+00:00
https://www.instagram.com/lilmae014/reel/DA6lI4Koy-M/,2024-10-09 19:35:43+00:00
https://www.instagram.com/lilmae014/reel/DA8Cd38IH4o/,2024-10-10 09:11:24+00:00
https://www.instagram.com/lilmae014/reel/DA9Ll5Mowf7/,2024-10-10 19:49:59+00:00
https://www.instagram.com/lilmae014/reel/DA-Zmmko3Cw/,2024-10-11 07:11:40+00:00
https://www.instagram.com/lilmae014/reel/DA_yQffIvZr/,2024-10-11 20:06:22+00:00
https://www.instagram.com/lilmae014/reel/DBAuo_4ouAS/,2024-10-12 04:54:11+00:00
https://www.instagram.com/lilmae014/reel/DBCdkGRoTwk/,2024-10-12 21:03:17+00:00
https://www.instagram.com/lilmae014/reel/DBEDFv9IiZk/,2024-10-13 11:50:30+00:00
https://www.instagram.com/lilmae014/reel/DBE-SG4I3EZ/,2024-10-13 20:27:39+00:00
https://www.instagram.com/lilmae014/reel/DBGxuTmo-IF/,2024-10-14 13:16:44+00:00
https://www.instagram.com/lilmae014/reel/DBHl4BXI4ch/,2024-10-14 20:52:04+00:00
https://www.instagram.com/lilmae014/reel/DBIkVRIoDRN/,2024-10-15 05:57:47+00:00
https://www.instagram.com/lilmae014/reel/DBKOuACIApP/,2024-10-15 21:27:28+00:00
https://www.instagram.com/lilmae014/reel/DBLw2CeIOES/,2024-10-16 11:44:50+00:00
https://www.instagram.com/lilmae014/reel/DBM3mkzodsQ/,2024-10-16 22:03:15+00:00
https://www.instagram.com/lilmae014/reel/DBOgasooIii/,2024-10-17 13:19:11+00:00
https://www.instagram.com/lilmae014/reel/DBPhQb3oLiE/,2024-10-17 22:45:46+00:00
https://www.instagram.com/lilmae014/reel/DBQ77lPozaR/,2024-10-18 11:58:04+00:00
https://www.instagram.com/lilmae014/reel/DBSNYFkIZRT/,2024-10-18 23:49:35+00:00
https://www.instagram.com/lilmae014/reel/DBTliHWof5c/,2024-10-19 12:39:59+00:00
https://www.instagram.com/lilmae014/reel/DBUevRJoRiX/,2024-10-19 20:59:47+00:00
https://www.instagram.com/lilmae014/reel/DBV64EOoQ0K/,2024-10-20 10:24:57+00:00
https://www.instagram.com/lilmae014/reel/DBXJgCzoILO/,2024-10-20 21:51:56+00:00
https://www.instagram.com/lilmae014/reel/DBYjGGroH7D/,2024-10-21 10:54:51+00:00
https://www.instagram.com/lilmae014/reel/DBZvemNo_se/,2024-10-21 22:02:16+00:00
https://www.instagram.com/lilmae014/reel/DBbMZGWo2fh/,2024-10-22 11:34:22+00:00
https://www.instagram.com/lilmae014/reel/DBcK6cwIbEd/,2024-10-22 20:40:29+00:00
https://www.instagram.com/lilmae014/reel/DBdx48ioa7K/,2024-10-23 11:40:20+00:00
https://www.instagram.com/lilmae014/reel/DBe-Dc0IAFc/,2024-10-23 22:45:58+00:00
https://www.instagram.com/lilmae014/reel/DBgb40koudG/,2024-10-24 12:27:25+00:00
https://www.instagram.com/lilmae014/reel/DBheLpvId3A/,2024-10-24 22:05:07+00:00
https://www.instagram.com/lilmae014/reel/DBixa--on6j/,2024-10-25 10:12:34+00:00
https://www.instagram.com/lilmae014/reel/DBj_v-Qomft/,2024-10-25 21:36:55+00:00
https://www.instagram.com/lilmae014/reel/DBlf7jEozvv/,2024-10-26 11:37:29+00:00
https://www.instagram.com/lilmae014/reel/DBmm5CmIHNH/,2024-10-26 21:57:24+00:00
https://www.instagram.com/lilmae014/reel/DBoCtsdIbN_/,2024-10-27 11:19:50+00:00
https://www.instagram.com/lilmae014/reel/DBpKQ6CIwVp/,2024-10-27 21:47:12+00:00
https://www.instagram.com/lilmae014/reel/DBquNUWoLJ-/,2024-10-28 12:18:17+00:00
https://www.instagram.com/lilmae014/reel/DBrtOdhorej/,2024-10-28 21:29:52+00:00
https://www.instagram.com/lilmae014/reel/DBtWrB-o-dU/,2024-10-29 12:50:25+00:00
https://www.instagram.com/lilmae014/reel/DBudHhLIXMB/,2024-10-29 23:07:59+00:00
https://www.instagram.com/lilmae014/reel/DBvzgidIr4F/,2024-10-30 11:41:15+00:00
https://www.instagram.com/lilmae014/reel/DBxAT_uoIik/,2024-10-30 22:53:57+00:00
https://www.instagram.com/lilmae014/reel/DByY4H9Icmk/,2024-10-31 11:47:36+00:00
https://www.instagram.com/lilmae014/reel/DBzwvkYIb2s/,2024-11-01 00:33:35+00:00
https://www.instagram.com/lilmae014/reel/DB05WmnIiaA/,2024-11-01 11:08:05+00:00
https://www.instagram.com/lilmae014/reel/DB2M_J1ogUN/,2024-11-01 23:21:16+00:00
https://www.instagram.com/lilmae014/reel/DB3qhxPIwFy/,2024-11-02 12:58:05+00:00
https://www.instagram.com/lilmae014/reel/DB44YIao6zN/,2024-11-03 00:16:30+00:00
https://www.instagram.com/lilmae014/reel/DB6GoIEIDJF/,2024-11-03 11:42:21+00:00
https://www.instagram.com/lilmae014/reel/DB7VltYo36C/,2024-11-03 23:12:46+00:00
https://www.instagram.com/lilmae014/reel/DB8v5w8IauW/,2024-11-04 12:21:47+00:00
https://www.instagram.com/lilmae014/reel/DB93jmEoq3H/,2024-11-04 22:45:50+00:00
https://www.instagram.com/lilmae014/reel/DB_YsWJooK7/,2024-11-05 12:54:20+00:00
https://www.instagram.com/lilmae014/reel/DCAioYKoKRT/,2024-11-05 23:43:12+00:00
https://www.instagram.com/lilmae014/reel/DCB8zioI5yM/,2024-11-06 12:51:14+00:00
https://www.instagram.com/lilmae014/reel/DCDAnaZIiC7/,2024-11-06 22:41:00+00:00
https://www.instagram.com/lilmae014/reel/DCEhP9ToM1P/,2024-11-07 12:47:52+00:00
https://www.instagram.com/lilmae014/reel/DCFvGIwIcDj/,2024-11-08 00:05:37+00:00
https://www.instagram.com/lilmae014/reel/DCHB9DDIQu4/,2024-11-08 12:09:40+00:00
https://www.instagram.com/lilmae014/reel/DCINsRhI651/,2024-11-08 23:11:26+00:00
https://www.instagram.com/lilmae014/reel/DCJcJzsoRk4/,2024-11-09 10:36:57+00:00
https://www.instagram.com/lilmae014/reel/DCK5minISoj/,2024-11-10 00:13:31+00:00
https://www.instagram.com/lilmae014/reel/DCMSOkNI5Te/,2024-11-10 13:08:10+00:00
https://www.instagram.com/lilmae014/reel/DCNNqr7ItwL/,2024-11-10 21:47:33+00:00
https://www.instagram.com/lilmae014/reel/DCO4PhyoH3G/,2024-11-11 13:18:38+00:00
https://www.instagram.com/lilmae014/reel/DCP9pQFIXN_/,2024-11-11 23:25:04+00:00
https://www.instagram.com/lilmae014/reel/DCRIb9uIPhZ/,2024-11-12 10:18:42+00:00
https://www.instagram.com/lilmae014/reel/DCSkP-FoRkG/,2024-11-12 23:41:04+00:00
https://www.instagram.com/lilmae014/reel/DCTwH4oIj07/,2024-11-13 10:44:54+00:00
https://www.instagram.com/lilmae014/reel/DCVEL0ko_Fg/,2024-11-13 22:58:37+00:00
https://www.instagram.com/lilmae014/reel/DCWbPH_I4lv/,2024-11-14 11:39:02+00:00
https://www.instagram.com/lilmae014/reel/DCXjOYqoPp-/,2024-11-14 22:08:20+00:00
https://www.instagram.com/lilmae014/reel/DCY9AmSIOPl/,2024-11-15 11:12:46+00:00
https://www.instagram.com/lilmae014/reel/DCaK3CkK1Oo/,2024-11-15 22:32:53+00:00
https://www.instagram.com/lilmae014/reel/DCbZdypKbhn/,2024-11-16 09:59:51+00:00
https://www.instagram.com/lilmae014/reel/DCcyFIfo793/,2024-11-16 22:54:19+00:00
https://www.instagram.com/lilmae014/reel/DCd4IRvoJGd/,2024-11-17 09:07:06+00:00
https://www.instagram.com/lilmae014/reel/DCfXY06oHXY/,2024-11-17 23:00:35+00:00
https://www.instagram.com/lilmae014/reel/DCgZoUOopRf/,2024-11-18 08:37:26+00:00
https://www.instagram.com/lilmae014/reel/DCh4c7zoLYj/,2024-11-18 22:26:06+00:00
https://www.instagram.com/lilmae014/reel/DCjAmKWoevq/,2024-11-19 08:56:26+00:00
https://www.instagram.com/lilmae014/reel/DCkdhfbo77G/,2024-11-19 22:28:56+00:00
https://www.instagram.com/lilmae014/reel/DCl0NmrohWT/,2024-11-20 11:05:58+00:00
https://www.instagram.com/lilmae014/reel/DCnHUujIXYQ/,2024-11-20 23:12:13+00:00
https://www.instagram.com/lilmae014/reel/DCoFwEJoxPl/,2024-11-21 08:17:40+00:00
https://www.instagram.com/lilmae014/reel/DCptZOJoiPr/,2024-11-21 23:23:25+00:00
https://www.instagram.com/lilmae014/reel/DCrEP8AoMQ4/,2024-11-22 12:02:29+00:00
https://www.instagram.com/lilmae014/reel/DCsPabVoN7K/,2024-11-22 22:59:04+00:00
https://www.instagram.com/lilmae014/reel/DCtiCQfouFX/,2024-11-23 11:01:03+00:00
https://www.instagram.com/lilmae014/reel/DCu8pzRIXSP/,2024-11-24 00:12:50+00:00
https://www.instagram.com/lilmae014/reel/DCwIydBoSCC/,2024-11-24 11:18:10+00:00
https://www.instagram.com/lilmae014/reel/DCxWBMeozXk/,2024-11-24 22:33:33+00:00
https://www.instagram.com/lilmae014/reel/DCysVI8oHFm/,2024-11-25 11:07:12+00:00
https://www.instagram.com/lilmae014/reel/DC0E6S_o3gz/,2024-11-26 00:01:55+00:00
https://www.instagram.com/lilmae014/reel/DC1bLONIhG3/,2024-11-26 12:35:01+00:00
https://www.instagram.com/lilmae014/reel/DC2midMo9uh/,2024-11-26 23:33:34+00:00
https://www.instagram.com/lilmae014/reel/DC38_bmo2_z/,2024-11-27 12:09:01+00:00
https://www.instagram.com/lilmae014/reel/DC5Jf9vo6js/,2024-11-27 23:18:04+00:00
https://www.instagram.com/lilmae014/reel/DC6SvaEoyqG/,2024-11-28 09:57:45+00:00
https://www.instagram.com/lilmae014/reel/DC7zfZzIMNL/,2024-11-29 00:02:56+00:00
https://www.instagram.com/lilmae014/reel/DC88yQJocl5/,2024-11-29 10:43:31+00:00
https://www.instagram.com/lilmae014/reel/DC-SGRGor2f/,2024-11-29 23:09:04+00:00
https://www.instagram.com/lilmae014/reel/DC_pxB2oQH5/,2024-11-30 11:54:58+00:00
https://www.instagram.com/lilmae014/reel/DDAyhijIAdC/,2024-11-30 22:31:30+00:00
https://www.instagram.com/lilmae014/reel/DDCKMPhIq-Q/,2024-12-01 11:16:45+00:00
https://www.instagram.com/lilmae014/reel/DDDUvtmozNw/,2024-12-01 22:10:05+00:00
https://www.instagram.com/lilmae014/reel/DDEyj5RIP7X/,2024-12-02 11:48:51+00:00
https://www.instagram.com/lilmae014/reel/DDGF_vZI0gG/,2024-12-02 23:57:01+00:00
https://www.instagram.com/lilmae014/reel/DDHizduojLO/,2024-12-03 13:28:25+00:00
https://www.instagram.com/lilmae014/reel/DDIjHRzI7gk/,2024-12-03 22:50:13+00:00
https://www.instagram.com/lilmae014/reel/DDJIwU2IgIV/,2024-12-04 04:19:00+00:00
https://www.instagram.com/lilmae014/reel/DDLA92HIlet/,2024-12-04 21:49:21+00:00
https://www.instagram.com/lilmae014/reel/DDMQn4DoQze/,2024-12-05 09:25:29+00:00
https://www.instagram.com/lilmae014/reel/DDNXOrEotHi/,2024-12-05 19:42:22+00:00
https://www.instagram.com/lilmae014/reel/DDOur88o7bG/,2024-12-06 08:26:34+00:00
https://www.instagram.com/lilmae014/reel/DDQGdTyInnT/,2024-12-06 21:14:42+00:00
https://www.instagram.com/lilmae014/reel/DDRdwQhojPF/,2024-12-07 09:56:27+00:00
https://www.instagram.com/lilmae014/reel/DDSrzWwIEFk/,2024-12-07 21:18:17+00:00
https://www.instagram.com/lilmae014/reel/DDUDn5roU_E/,2024-12-08 10:05:57+00:00
https://www.instagram.com/lilmae014/reel/DDVB2S_of3V/,2024-12-08 19:09:31+00:00
https://www.instagram.com/lilmae014/reel/DDWst8RIrpO/,2024-12-09 10:43:27+00:00
https://www.instagram.com/lilmae014/reel/DDXnJJsoG5N/,2024-12-09 19:13:51+00:00
https://www.instagram.com/lilmae014/reel/DDZVB0Yorhf/,2024-12-10 11:14:05+00:00
https://www.instagram.com/lilmae014/reel/DDaNSfSo_rJ/,2024-12-10 19:25:36+00:00
https://www.instagram.com/lilmae014/reel/DDbouQ1IgRy/,2024-12-11 08:45:03+00:00
https://www.instagram.com/lilmae014/reel/DDc3lKSo1gV/,2024-12-11 20:15:24+00:00
https://www.instagram.com/lilmae014/reel/DDeTtiiIf5Z/,2024-12-12 09:38:58+00:00
https://www.instagram.com/lilmae014/reel/DDfXX5SoP49/,2024-12-12 19:29:57+00:00
https://www.instagram.com/lilmae014/reel/DDguTDcIEYI/,2024-12-13 08:09:31+00:00
https://www.instagram.com/lilmae014/reel/DDhcK6souN8/,2024-12-13 14:50:54+00:00
https://www.instagram.com/lilmae014/reel/DDjn1RyISjh/,2024-12-14 11:10:52+00:00
https://www.instagram.com/lilmae014/reel/DDk1Z64oewc/,2024-12-14 22:28:35+00:00
https://www.instagram.com/lilmae014/reel/DDmPdQZo9PI/,2024-12-15 11:35:28+00:00
https://www.instagram.com/lilmae014/reel/DDnTHcVo3DE/,2024-12-15 21:26:37+00:00
https://www.instagram.com/lilmae014/reel/DDorKOfI4dT/,2024-12-16 10:15:56+00:00
https://www.instagram.com/lilmae014/reel/DDqFNxUoKl8/,2024-12-16 23:22:53+00:00
https://www.instagram.com/lilmae014/reel/DDraVpqorye/,2024-12-17 11:46:53+00:00
https://www.instagram.com/lilmae014/reel/DDsprmdoWd7/,2024-12-17 23:20:00+00:00
https://www.instagram.com/lilmae014/reel/DDtr6weolNX/,2024-12-18 08:58:56+00:00
https://www.instagram.com/lilmae014/reel/DDvDiISI8wi/,2024-12-18 21:44:23+00:00
https://www.instagram.com/lilmae014/reel/DDwZy4_Iot2/,2024-12-19 10:18:27+00:00
https://www.instagram.com/lilmae014/reel/DDx012nogIQ/,2024-12-19 23:33:42+00:00
https://www.instagram.com/lilmae014/reel/DDzKOAooJie/,2024-12-20 11:59:45+00:00
https://www.instagram.com/lilmae014/reel/DD0XsJ6oBBn/,2024-12-20 23:16:47+00:00
https://www.instagram.com/lilmae014/reel/DD1lMIdIGZf/,2024-12-21 10:33:53+00:00
https://www.instagram.com/lilmae014/reel/DD22XfKIKPv/,2024-12-21 22:23:16+00:00
https://www.instagram.com/lilmae014/reel/DD4ijklI2xX/,2024-12-22 14:09:00+00:00
https://www.instagram.com/lilmae014/reel/DD5c0GNImHH/,2024-12-22 22:37:46+00:00
https://www.instagram.com/lilmae014/reel/DD6yfE1IeRg/,2024-12-23 11:06:34+00:00
https://www.instagram.com/lilmae014/reel/DD8GoCsI1GM/,2024-12-23 23:21:53+00:00
https://www.instagram.com/lilmae014/reel/DD9aQrgoMe7/,2024-12-24 11:32:24+00:00
https://www.instagram.com/lilmae014/reel/DD-gge1oKYl/,2024-12-24 21:46:47+00:00
https://www.instagram.com/lilmae014/reel/DEAArh-o5NV/,2024-12-25 11:46:35+00:00
https://www.instagram.com/lilmae014/reel/DEBNY23IT0s/,2024-12-25 22:56:50+00:00
https://www.instagram.com/lilmae014/reel/DECctauoP9u/,2024-12-26 10:30:07+00:00
https://www.instagram.com/lilmae014/reel/DED3Gpwo8yB/,2024-12-26 23:39:47+00:00
https://www.instagram.com/lilmae014/reel/DEFHVT-opvS/,2024-12-27 11:21:03+00:00
https://www.instagram.com/lilmae014/reel/DEGOnixooNY/,2024-12-27 21:43:58+00:00
https://www.instagram.com/lilmae014/reel/DEHt4jMo1iV/,2024-12-28 11:36:11+00:00
https://www.instagram.com/lilmae014/reel/DEI30l9ocwc/,2024-12-28 22:22:18+00:00
https://www.instagram.com/lilmae014/reel/DEKTdJaoG2h/,2024-12-29 11:43:30+00:00
https://www.instagram.com/lilmae014/reel/DELcuebo65F/,2024-12-29 22:23:18+00:00
https://www.instagram.com/lilmae014/reel/DEM7awHoZ80/,2024-12-30 12:11:03+00:00
https://www.instagram.com/lilmae014/reel/DEOAJtdIo5E/,2024-12-30 22:11:15+00:00
https://www.instagram.com/lilmae014/reel/DEPgLd-IljJ/,2024-12-31 12:10:25+00:00
https://www.instagram.com/lilmae014/reel/DEQZBtsIbet/,2024-12-31 20:27:13+00:00
https://www.instagram.com/lilmae014/reel/DESEKTPIfG8/,2025-01-01 12:03:15+00:00
https://www.instagram.com/lilmae014/reel/DETHBbtImmB/,2025-01-01 21:47:57+00:00
https://www.instagram.com/lilmae014/reel/DEUpBK4on1v/,2025-01-02 12:03:48+00:00
https://www.instagram.com/lilmae014/reel/DEVzOMFIDoK/,2025-01-02 22:52:24+00:00
https://www.instagram.com/lilmae014/reel/DEXQyQtI6pD/,2025-01-03 12:30:36+00:00
https://www.instagram.com/lilmae014/reel/DEYXxf5oqDW/,2025-01-03 22:50:15+00:00
https://www.instagram.com/lilmae014/reel/DEZz05gI0u6/,2025-01-04 12:14:38+00:00
https://www.instagram.com/lilmae014/reel/DEa9m1qIo50/,2025-01-04 22:59:13+00:00
https://www.instagram.com/lilmae014/reel/DEcV6SLIKJR/,2025-01-05 11:50:47+00:00
https://www.instagram.com/lilmae014/reel/DEdYoZnogRV/,2025-01-05 21:34:54+00:00
https://www.instagram.com/lilmae014/reel/DEfFPoSIqs6/,2025-01-06 13:22:50+00:00
https://www.instagram.com/lilmae014/reel/DEgFpOYoQCt/,2025-01-06 22:45:40+00:00
https://www.instagram.com/lilmae014/reel/DEhZjleIRH5/,2025-01-07 10:59:32+00:00
https://www.instagram.com/lilmae014/reel/DEim0OxIsjT/,2025-01-07 22:13:57+00:00
https://www.instagram.com/lilmae014/reel/DEkAfw1IDka/,2025-01-08 11:17:33+00:00
https://www.instagram.com/lilmae014/reel/DElEBlkI_Xe/,2025-01-08 21:07:38+00:00
https://www.instagram.com/lilmae014/reel/DEmpgBUoiS9/,2025-01-09 11:54:37+00:00
https://www.instagram.com/lilmae014/reel/DEn0dH7ICDE/,2025-01-09 22:49:35+00:00
https://www.instagram.com/lilmae014/reel/DEqSQVXoEyN/,2025-01-10 21:48:20+00:00
https://www.instagram.com/lilmae014/reel/DErxkNkIw4w/,2025-01-11 11:41:08+00:00
https://www.instagram.com/lilmae014/reel/DEs1GPnoW4Y/,2025-01-11 21:31:32+00:00
https://www.instagram.com/lilmae014/reel/DEubCPOo2zd/,2025-01-12 12:22:28+00:00
https://www.instagram.com/lilmae014/reel/DEvd1ysIusR/,2025-01-12 22:07:44+00:00
https://www.instagram.com/lilmae014/reel/DEw681qtZbX/,2025-01-13 11:39:29+00:00
https://www.instagram.com/lilmae014/reel/DE13AgiIqiv/,2025-01-15 09:41:14+00:00
https://www.instagram.com/lilmae014/reel/DE4iruuIaER/,2025-01-16 10:41:11+00:00
https://www.instagram.com/lilmae014/reel/DE7L2efoYgG/,2025-01-17 11:19:59+00:00
https://www.instagram.com/lilmae014/reel/DE8asmioNmS/,2025-01-17 22:48:43+00:00
https://www.instagram.com/lilmae014/reel/DE93j6Lo1fs/,2025-01-18 12:19:46+00:00
https://www.instagram.com/lilmae014/reel/DE_CK3Non28/,2025-01-18 23:11:57+00:00
https://www.instagram.com/lilmae014/reel/DFAZ2eeofC3/,2025-01-19 11:58:11+00:00
https://www.instagram.com/lilmae014/reel/DFBiSCvoDTd/,2025-01-19 22:31:04+00:00
https://www.instagram.com/lilmae014/reel/DFC9AsYo7ud/,2025-01-20 11:43:52+00:00
https://www.instagram.com/lilmae014/reel/DFEDKCDINr3/,2025-01-20 21:56:51+00:00
https://www.instagram.com/lilmae014/reel/DFFhfteIV3m/,2025-01-21 11:41:15+00:00
https://www.instagram.com/lilmae014/reel/DFG0XOOo_Ws/,2025-01-21 23:44:58+00:00
https://www.instagram.com/lilmae014/reel/DFIGqbUIRTx/,2025-01-22 11:44:36+00:00
https://www.instagram.com/lilmae014/reel/DFJXjNyIIxl/,2025-01-22 23:30:55+00:00
https://www.instagram.com/lilmae014/reel/DFKUKXnoBsZ/,2025-01-23 08:21:00+00:00
https://www.instagram.com/lilmae014/reel/DFL_62Zo-fV/,2025-01-24 00:02:12+00:00
https://www.instagram.com/lilmae014/reel/DFNM-u-omgN/,2025-01-24 11:15:48+00:00
https://www.instagram.com/lilmae014/reel/DFOnRgVouvK/,2025-01-25 00:24:53+00:00
https://www.instagram.com/lilmae014/reel/DFPvX_JonAx/,2025-01-25 10:54:49+00:00
https://www.instagram.com/lilmae014/reel/DFRFVHpoos0/,2025-01-25 23:25:44+00:00
https://www.instagram.com/lilmae014/reel/DFSbvt2oXih/,2025-01-26 12:00:47+00:00
https://www.instagram.com/lilmae014/reel/DFTl5skoIwQ/,2025-01-26 22:48:42+00:00
https://www.instagram.com/lilmae014/reel/DFU9zhEICVZ/,2025-01-27 11:37:02+00:00
https://www.instagram.com/lilmae014/reel/DFWPU10oc3O/,2025-01-27 23:29:55+00:00
https://www.instagram.com/lilmae014/reel/DFXkSJAoVpN/,2025-01-28 11:51:57+00:00
https://www.instagram.com/lilmae014/reel/DFY26npIJot/,2025-01-28 23:53:35+00:00
https://www.instagram.com/lilmae014/reel/DFaOD49IWdy/,2025-01-29 12:35:15+00:00
https://www.instagram.com/lilmae014/reel/DFbXnGxo_CX/,2025-01-29 23:17:46+00:00
https://www.instagram.com/lilmae014/reel/DFcq7sRoLPj/,2025-01-30 11:25:58+00:00
https://www.instagram.com/lilmae014/reel/DFd6s_GI4L0/,2025-01-30 23:03:01+00:00
https://www.instagram.com/lilmae014/reel/DFfWlNaI7Qt/,2025-01-31 12:26:17+00:00
https://www.instagram.com/lilmae014/reel/DFgbsSzIBkc/,2025-01-31 22:30:03+00:00
https://www.instagram.com/lilmae014/reel/DFh2GV8I3ei/,2025-02-01 11:40:13+00:00
https://www.instagram.com/lilmae014/reel/DFjK_MAIltf/,2025-02-02 00:01:42+00:00
https://www.instagram.com/lilmae014/reel/DFkdmCcouRW/,2025-02-02 12:03:39+00:00
https://www.instagram.com/lilmae014/reel/DFlHuEmo13k/,2025-02-02 18:11:23+00:00
https://www.instagram.com/lilmae014/reel/DFnAblPI0nJ/,2025-02-03 11:46:09+00:00
https://www.instagram.com/lilmae014/reel/DFnsayEocE-/,2025-02-03 18:10:29+00:00
https://www.instagram.com/lilmae014/reel/DFpkIiCog2j/,2025-02-04 11:36:40+00:00
https://www.instagram.com/lilmae014/reel/DFq7OhMI3Qb/,2025-02-05 00:17:37+00:00
https://www.instagram.com/lilmae014/reel/DFsW0zColNx/,2025-02-05 13:38:08+00:00
https://www.instagram.com/lilmae014/reel/DFtd1CIovio/,2025-02-05 23:58:46+00:00
https://www.instagram.com/lilmae014/reel/DFusQwBIQMz/,2025-02-06 11:24:00+00:00
https://www.instagram.com/lilmae014/reel/DFv_UV3I7no/,2025-02-06 23:30:50+00:00
https://www.instagram.com/lilmae014/reel/DFxRS2goyZc/,2025-02-07 11:26:16+00:00
https://www.instagram.com/lilmae014/reel/DFyltYXoqA2/,2025-02-07 23:43:56+00:00
https://www.instagram.com/lilmae014/reel/DFz9Bg5Ione/,2025-02-08 12:26:55+00:00
https://www.instagram.com/lilmae014/reel/DF1G5PSobcs/,2025-02-08 23:12:18+00:00
https://www.instagram.com/lilmae014/reel/DF2dcfdI2Bs/,2025-02-09 11:48:28+00:00
https://www.instagram.com/lilmae014/reel/DF3t7I3oyvJ/,2025-02-09 23:31:48+00:00
https://www.instagram.com/lilmae014/reel/DF5E3mro8ex/,2025-02-10 12:11:18+00:00
https://www.instagram.com/lilmae014/reel/DF6RmkFoLUy/,2025-02-10 23:21:50+00:00
https://www.instagram.com/lilmae014/reel/DF7raIDoGBQ/,2025-02-11 12:26:57+00:00
https://www.instagram.com/lilmae014/reel/DF82YoGoWX3/,2025-02-11 23:22:10+00:00
https://www.instagram.com/lilmae014/reel/DF-eCZhIbJ_/,2025-02-12 14:27:21+00:00
https://www.instagram.com/lilmae014/reel/DF_SsZToZGH/,2025-02-12 22:08:41+00:00
https://www.instagram.com/lilmae014/reel/DGAwX8QIgtt/,2025-02-13 11:46:15+00:00
https://www.instagram.com/lilmae014/reel/DGCA2nfIbqC/,2025-02-13 23:29:54+00:00
https://www.instagram.com/lilmae014/reel/DGEmGhoIozw/,2025-02-14 23:33:17+00:00
https://www.instagram.com/lilmae014/reel/DGHLk_WoLzx/,2025-02-15 23:39:29+00:00
https://www.instagram.com/lilmae014/reel/DGIebMdIk_Q/,2025-02-16 11:43:29+00:00
https://www.instagram.com/lilmae014/reel/DGJxBcLowDL/,2025-02-16 23:45:39+00:00
https://www.instagram.com/lilmae014/reel/DGLLqqPINQg/,2025-02-17 12:57:12+00:00
https://www.instagram.com/lilmae014/reel/DGMWzZSo_WZ/,2025-02-17 23:53:32+00:00
https://www.instagram.com/lilmae014/reel/DGNpoB8oOmL/,2025-02-18 11:57:42+00:00
https://www.instagram.com/lilmae014/reel/DGOuaQUoM2j/,2025-02-18 21:58:36+00:00
https://www.instagram.com/lilmae014/reel/DGQHb2qIWma/,2025-02-19 10:56:21+00:00
https://www.instagram.com/lilmae014/reel/DGSyr93IwVi/,2025-02-20 11:52:52+00:00
https://www.instagram.com/lilmae014/reel/DGVbDouo7U9/,2025-02-21 12:23:57+00:00
https://www.instagram.com/lilmae014/reel/DGWoFFloXHm/,2025-02-21 23:37:33+00:00
https://www.instagram.com/lilmae014/reel/DGX8ytUouDZ/,2025-02-22 11:58:53+00:00
https://www.instagram.com/lilmae014/reel/DGhDKoiI_yC/,2025-02-26 00:46:13+00:00
https://www.instagram.com/lilmae014/reel/DGiQQQ8o7DD/,2025-02-26 11:59:35+00:00
https://www.instagram.com/lilmae014/reel/DGjarS6IcRJ/,2025-02-26 22:50:11+00:00
https://www.instagram.com/lilmae014/reel/DGk7y9JIKHW/,2025-02-27 12:58:32+00:00
https://www.instagram.com/lilmae014/reel/DGmD59QIwsn/,2025-02-27 23:28:47+00:00
https://www.instagram.com/lilmae014/reel/DGnfGnCoWgO/,2025-02-28 12:45:42+00:00
https://www.instagram.com/lilmae014/reel/DGostRQIhXH/,2025-03-01 00:03:36+00:00
https://www.instagram.com/lilmae014/reel/DGqCV_goMUL/,2025-03-01 12:32:11+00:00
https://www.instagram.com/lilmae014/reel/DGrTHOKoeKu/,2025-03-02 00:17:57+00:00
https://www.instagram.com/lilmae014/reel/DGsoHDjIhMi/,2025-03-02 12:40:37+00:00
https://www.instagram.com/lilmae014/reel/DGtslPNIZLd/,2025-03-02 22:38:51+00:00
https://www.instagram.com/lilmae014/reel/DGvN0fLIHT-/,2025-03-03 12:48:31+00:00
https://www.instagram.com/lilmae014/reel/DGv10NAIzl1/,2025-03-03 18:38:08+00:00
https://www.instagram.com/lilmae014/reel/DGyFHvmybh-/,2025-03-04 15:30:23+00:00
https://www.instagram.com/lilmae014/reel/DGz9COFyqXl/,2025-03-05 08:58:06+00:00
https://www.instagram.com/lilmae014/reel/DG058XkycnE/,2025-03-05 17:50:16+00:00
https://www.instagram.com/lilmae014/reel/DG60tC_S3P-/,2025-03-08 00:59:51+00:00
https://www.instagram.com/lilmae014/reel/DG8sK_zy6N1/,2025-03-08 18:23:45+00:00
https://www.instagram.com/lilmae014/reel/DG9gNNfyPg1/,2025-03-09 01:58:58+00:00
https://www.instagram.com/lilmae014/reel/DG_HtFbycD7/,2025-03-09 17:02:56+00:00
https://www.instagram.com/lilmae014/reel/DHNN32ZSH-N/,2025-03-15 04:26:24+00:00
https://www.instagram.com/lilmae014/reel/DHOXUleSPhF/,2025-03-15 15:07:51+00:00
https://www.instagram.com/lilmae014/reel/DHPtX6fyJNe/,2025-03-16 03:39:45+00:00
https://www.instagram.com/lilmae014/reel/DHQ4QMzSfjb/,2025-03-16 14:34:25+00:00
https://www.instagram.com/lilmae014/reel/DHTc3YHymgh/,2025-03-17 14:33:04+00:00
https://www.instagram.com/lilmae014/reel/DHVOQrWSbhV/,2025-03-18 07:03:31+00:00
https://www.instagram.com/lilmae014/reel/DHV7E0kS2Gt/,2025-03-18 13:35:35+00:00
https://www.instagram.com/lilmae014/reel/DHXnexryiqv/,2025-03-19 05:22:30+00:00
https://www.instagram.com/lilmae014/reel/DHYfYR-yZtH/,2025-03-19 13:31:04+00:00
https://www.instagram.com/lilmae014/reel/DHZ68MKSfn1/,2025-03-20 02:51:10+00:00
https://www.instagram.com/lilmae014/reel/DHbRolySLF9/,2025-03-20 15:28:20+00:00
https://www.instagram.com/lilmae014/reel/DHcsvWHyYT2/,2025-03-21 04:44:31+00:00
https://www.instagram.com/lilmae014/reel/DHd1v2TyyXP/,2025-03-21 15:22:22+00:00
https://www.instagram.com/lilmae014/reel/DHfJDnjyPuU/,2025-03-22 03:30:34+00:00
https://www.instagram.com/lilmae014/reel/DHgrPV3SqAW/,2025-03-22 17:48:25+00:00
https://www.instagram.com/lilmae014/reel/DHhuYI5Shjr/,2025-03-23 03:34:55+00:00
https://www.instagram.com/lilmae014/reel/DHi-Yjby-T0/,2025-03-23 15:14:08+00:00
https://www.instagram.com/lilmae014/reel/DHkepRdSkuO/,2025-03-24 05:15:10+00:00
https://www.instagram.com/lilmae014/reel/DHlulD1SQyL/,2025-03-24 16:53:43+00:00
https://www.instagram.com/lilmae014/reel/DHnGRJ-Scha/,2025-03-25 05:39:54+00:00
https://www.instagram.com/lilmae014/reel/DHoHWufyIY9/,2025-03-25 15:08:39+00:00
https://www.instagram.com/lilmae014/reel/DHpSVLgSIK1/,2025-03-26 02:03:46+00:00
https://www.instagram.com/lilmae014/reel/DHqvMdKSKs0/,2025-03-26 15:35:17+00:00
https://www.instagram.com/lilmae014/reel/DHsA47kSsSc/,2025-03-27 03:29:10+00:00
https://www.instagram.com/lilmae014/reel/DHtcoiySEZN/,2025-03-27 16:50:55+00:00
https://www.instagram.com/lilmae014/reel/DHuoa0TyM1S/,2025-03-28 03:53:15+00:00
https://www.instagram.com/lilmae014/reel/DHv8g6iyGam/,2025-03-28 16:07:58+00:00
https://www.instagram.com/lilmae014/reel/DHxevcpyYTR/,2025-03-29 06:26:08+00:00
https://www.instagram.com/lilmae014/reel/DHyWl4kyF4s/,2025-03-29 14:34:12+00:00
https://www.instagram.com/lilmae014/reel/DHzt9n9SpEf/,2025-03-30 03:17:52+00:00
https://www.instagram.com/lilmae014/reel/DH1DVXzyuiJ/,2025-03-30 15:44:13+00:00
https://www.instagram.com/lilmae014/reel/DH2hNImy4eU/,2025-03-31 05:24:21+00:00
https://www.instagram.com/lilmae014/reel/DH3tNXWyONk/,2025-03-31 16:28:04+00:00
https://www.instagram.com/lilmae014/reel/DH48mr2yWtd/,2025-04-01 04:01:53+00:00
https://www.instagram.com/lilmae014/reel/DH6U8gdy0cU/,2025-04-01 16:53:38+00:00
https://www.instagram.com/lilmae014/reel/DH9k-SDI7th/,2025-04-02 23:11:59+00:00
https://www.instagram.com/lilmae014/reel/DH-0Q6wowJp/,2025-04-03 10:44:23+00:00
https://www.instagram.com/lilmae014/reel/DH_9Xd4IeQh/,2025-04-03 21:23:11+00:00
https://www.instagram.com/lilmae014/reel/DIBfiIeonAP/,2025-04-04 11:42:00+00:00
https://www.instagram.com/lilmae014/reel/DICY1fBoKXK/,2025-04-04 20:01:44+00:00
https://www.instagram.com/lilmae014/reel/DID3dRWojO1/,2025-04-05 09:49:58+00:00
https://www.instagram.com/lilmae014/reel/DIFKMwfIQHH/,2025-04-05 21:51:28+00:00
https://www.instagram.com/lilmae014/reel/DIGji4NIhsX/,2025-04-06 10:53:09+00:00
https://www.instagram.com/lilmae014/reel/DIHsbVfIZrK/,2025-04-06 21:29:35+00:00
https://www.instagram.com/lilmae014/reel/DII8ZMeof2C/,2025-04-07 09:08:31+00:00
https://www.instagram.com/lilmae014/reel/DIKQNS0oNFq/,2025-04-07 21:20:14+00:00
https://www.instagram.com/lilmae014/reel/DIL33d6IQ79/,2025-04-08 12:25:58+00:00
https://www.instagram.com/lilmae014/reel/DIMw3m-oZTo/,2025-04-08 20:44:14+00:00
https://www.instagram.com/lilmae014/reel/DIOEQm-IWJQ/,2025-04-09 08:52:42+00:00
https://www.instagram.com/lilmae014/reel/DIPhbg5onNv/,2025-04-09 22:26:53+00:00
https://www.instagram.com/lilmae014/reel/DIQlaM6InQT/,2025-04-10 08:20:55+00:00
https://www.instagram.com/lilmae014/reel/DIR60-bNqzS/,2025-04-10 20:47:50+00:00
https://www.instagram.com/lilmae014/reel/DITbyX1tBuE/,2025-04-11 10:54:30+00:00
https://www.instagram.com/lilmae014/reel/DIUYQ0goght/,2025-04-11 19:42:57+00:00
https://www.instagram.com/lilmae014/reel/DIWDspOoVDL/,2025-04-12 11:21:45+00:00
https://www.instagram.com/lilmae014/reel/DIXMR7tIHoN/,2025-04-12 21:56:56+00:00
https://www.instagram.com/lilmae014/reel/DIYpc8goTOt/,2025-04-13 11:30:29+00:00
https://www.instagram.com/lilmae014/reel/DIZyb8zIshO/,2025-04-13 22:08:00+00:00
https://www.instagram.com/lilmae014/reel/DIbRwJooMvt/,2025-04-14 12:01:33+00:00
https://www.instagram.com/lilmae014/reel/DIcZEgAIcYE/,2025-04-14 22:23:58+00:00
https://www.instagram.com/lilmae014/reel/DId3-65okHJ/,2025-04-15 12:13:23+00:00
https://www.instagram.com/lilmae014/reel/DIe0HugI7VV/,2025-04-15 20:58:46+00:00
https://www.instagram.com/lilmae014/reel/DIgDaVPo5Tr/,2025-04-16 08:32:01+00:00
https://www.instagram.com/lilmae014/reel/DIhh_AroExp/,2025-04-16 22:18:05+00:00
https://www.instagram.com/lilmae014/reel/DIjBF5XIhez/,2025-04-17 12:09:21+00:00
https://www.instagram.com/lilmae014/reel/DIkGH8xoav1/,2025-04-17 22:12:30+00:00
https://www.instagram.com/lilmae014/reel/DIlfr5eIcnY/,2025-04-18 11:14:55+00:00
https://www.instagram.com/lilmae014/reel/DImuR27ItBs/,2025-04-18 22:42:16+00:00
https://www.instagram.com/lilmae014/reel/DIn1CBto6fz/,2025-04-19 08:59:57+00:00
https://www.instagram.com/lilmae014/reel/DIpM0UcoBjr/,2025-04-19 21:47:41+00:00
https://www.instagram.com/lilmae014/reel/DIqvnXDobqo/,2025-04-20 12:10:37+00:00
https://www.instagram.com/lilmae014/reel/DIr7zRfIeTj/,2025-04-20 23:16:15+00:00
https://www.instagram.com/lilmae014/reel/DItRZtSIwHS/,2025-04-21 11:44:20+00:00
https://www.instagram.com/lilmae014/reel/DIudw94o8kF/,2025-04-21 22:51:34+00:00
https://www.instagram.com/lilmae014/reel/DIv98qqI40I/,2025-04-22 12:52:10+00:00
https://www.instagram.com/lilmae014/reel/DIw2rVXIOzY/,2025-04-22 21:08:30+00:00
https://www.instagram.com/lilmae014/reel/DIyerHLowTx/,2025-04-23 12:17:10+00:00
https://www.instagram.com/lilmae014/reel/DIzeaMZIeuS/,2025-04-23 21:33:20+00:00
https://www.instagram.com/lilmae014/reel/DI0-0bYI6SS/,2025-04-24 11:36:26+00:00
https://www.instagram.com/lilmae014/reel/DI2GvRLIaQv/,2025-04-24 22:04:18+00:00
https://www.instagram.com/lilmae014/reel/DI3ewQxI90n/,2025-04-25 10:53:12+00:00
https://www.instagram.com/lilmae014/reel/DI4yFNEKQHU/,2025-04-25 23:01:21+00:00
https://www.instagram.com/lilmae014/reel/DI59K8mtAgs/,2025-04-26 09:57:32+00:00
https://www.instagram.com/lilmae014/reel/DI7RF60IMk_/,2025-04-26 22:16:48+00:00
https://www.instagram.com/lilmae014/reel/DI8wd6BoIaE/,2025-04-27 12:04:27+00:00
https://www.instagram.com/lilmae014/reel/DI96O4EK37B/,2025-04-27 22:49:08+00:00
https://www.instagram.com/lilmae014/reel/DI_KSENtzjT/,2025-04-28 10:28:13+00:00
https://www.instagram.com/lilmae014/reel/DJAaCLtoqjP/,2025-04-28 22:05:13+00:00
https://www.instagram.com/lilmae014/reel/DJB4RCmoWBD/,2025-04-29 11:48:31+00:00
https://www.instagram.com/lilmae014/reel/DJDH4sMI7tk/,2025-04-29 23:24:34+00:00
https://www.instagram.com/lilmae014/reel/DJEWT8xoscI/,2025-04-30 10:49:50+00:00
https://www.instagram.com/lilmae014/reel/DJFomIyIjks/,2025-04-30 22:49:26+00:00
https://www.instagram.com/lilmae014/reel/DJHCxN_Ija2/,2025-05-01 11:57:12+00:00
https://www.instagram.com/lilmae014/reel/DJIMIHQIM1S/,2025-05-01 22:37:35+00:00
https://www.instagram.com/lilmae014/reel/DJJpzviIPTp/,2025-05-02 12:16:06+00:00
https://www.instagram.com/lilmae014/reel/DJKw-ELoy3T/,2025-05-02 22:38:04+00:00
https://www.instagram.com/lilmae014/reel/DJMO1MCIx_J/,2025-05-03 12:18:01+00:00
https://www.instagram.com/lilmae014/reel/DJNM4X8ooLt/,2025-05-03 21:20:18+00:00
https://www.instagram.com/lilmae014/reel/DJOq1-EoMhP/,2025-05-04 11:01:17+00:00
https://www.instagram.com/lilmae014/reel/DJP5ZRCI_fk/,2025-05-04 22:27:40+00:00
https://www.instagram.com/lilmae014/reel/DJQaAoUI-qL/,2025-05-05 03:12:41+00:00
https://www.instagram.com/lilmae014/reel/DJSRa_BoamN/,2025-05-05 20:36:07+00:00
https://www.instagram.com/lilmae014/reel/DJTqa_cIjcA/,2025-05-06 09:34:27+00:00
https://www.instagram.com/lilmae014/reel/DJVDMwUIkr2/,2025-05-06 22:29:35+00:00
https://www.instagram.com/lilmae014/reel/DJWLq99IMBa/,2025-05-07 09:02:52+00:00
https://www.instagram.com/lilmae014/reel/DJXcKLQoarO/,2025-05-07 20:46:08+00:00
https://www.instagram.com/lilmae014/reel/DJY5nNXIbT0/,2025-05-08 10:22:46+00:00
https://www.instagram.com/lilmae014/reel/DJaMGVxI-5k/,2025-05-08 22:23:52+00:00
https://www.instagram.com/lilmae014/reel/DJbWbj6oZ5W/,2025-05-09 09:13:44+00:00
https://www.instagram.com/lilmae014/reel/DJc2k3_IWHx/,2025-05-09 23:13:27+00:00
https://www.instagram.com/lilmae014/reel/DJd-uQ8oJwp/,2025-05-10 09:44:26+00:00
https://www.instagram.com/lilmae014/reel/DJfZ2CHIpwI/,2025-05-10 22:59:56+00:00
https://www.instagram.com/lilmae014/reel/DJg3QjsoJWw/,2025-05-11 12:36:08+00:00
https://www.instagram.com/lilmae014/reel/DJh8dWjI6KE/,2025-05-11 22:40:57+00:00
https://www.instagram.com/lilmae014/reel/DJjQ59VIV49/,2025-05-12 10:59:03+00:00
https://www.instagram.com/lilmae014/reel/DJkdL0aIKTU/,2025-05-12 22:06:15+00:00
https://www.instagram.com/lilmae014/reel/DJlflGAomDB/,2025-05-13 07:45:57+00:00
https://www.instagram.com/lilmae014/reel/DJnH5ctI2Ua/,2025-05-13 22:56:57+00:00
https://www.instagram.com/lilmae014/reel/DJoVmEnoyh6/,2025-05-14 10:17:19+00:00
https://www.instagram.com/lilmae014/reel/DJpkoRioW2D/,2025-05-14 21:46:27+00:00
https://www.instagram.com/lilmae014/reel/DJq_885oQ5r/,2025-05-15 11:04:50+00:00
https://www.instagram.com/lilmae014/reel/DJsMlnmIjtT/,2025-05-15 22:14:28+00:00
https://www.instagram.com/lilmae014/reel/DJtg-dNoHuL/,2025-05-16 10:31:39+00:00
https://www.instagram.com/lilmae014/reel/DJu3XbXI-ib/,2025-05-16 23:06:26+00:00
https://www.instagram.com/lilmae014/reel/DJwGiCxoQvN/,2025-05-17 10:38:28+00:00
https://www.instagram.com/lilmae014/reel/DJxWCmsI9uf/,2025-05-17 22:13:12+00:00
https://www.instagram.com/lilmae014/reel/DJyzHcrIfXQ/,2025-05-18 11:46:23+00:00
https://www.instagram.com/lilmae014/reel/DJz5qyFo69d/,2025-05-18 22:02:42+00:00
https://www.instagram.com/lilmae014/reel/DJ1L8tZINeK/,2025-05-19 10:01:48+00:00
https://www.instagram.com/lilmae014/reel/DJ2gfgpoyNQ/,2025-05-19 22:21:11+00:00
https://www.instagram.com/lilmae014/reel/DJ3zS2JIdI2/,2025-05-20 10:24:01+00:00
https://www.instagram.com/lilmae014/reel/DJ5JSVyIIk-/,2025-05-20 22:55:31+00:00
https://www.instagram.com/lilmae014/reel/DJ6P1QjIO5a/,2025-05-21 09:12:37+00:00
https://www.instagram.com/lilmae014/reel/DJ7s_I4omBx/,2025-05-21 22:46:55+00:00
https://www.instagram.com/lilmae014/reel/DJ9IR8FIbFV/,2025-05-22 12:03:43+00:00
https://www.instagram.com/lilmae014/reel/DJ-TTr9Itgr/,2025-05-22 22:59:15+00:00
https://www.instagram.com/lilmae014/reel/DJ_gAaSoT52/,2025-05-23 10:09:27+00:00
https://www.instagram.com/lilmae014/reel/DKA0ELJoi-0/,2025-05-23 22:24:15+00:00
https://www.instagram.com/lilmae014/reel/DKCQxBNIZds/,2025-05-24 11:53:55+00:00
https://www.instagram.com/lilmae014/reel/DKDZhxCIoeK/,2025-05-24 22:29:59+00:00
https://www.instagram.com/lilmae014/reel/DKEwtcSIpGD/,2025-05-25 11:11:38+00:00
https://www.instagram.com/lilmae014/reel/DKHENjco4wn/,2025-05-26 08:40:31+00:00
https://www.instagram.com/lilmae014/reel/DKIfdcLIbdy/,2025-05-26 21:57:49+00:00
https://www.instagram.com/lilmae014/reel/DKJqKqxovSC/,2025-05-27 08:50:47+00:00
https://www.instagram.com/lilmae014/reel/DKLHccGoI5k/,2025-05-27 22:26:13+00:00
https://www.instagram.com/lilmae014/reel/DKMLvKhI5oS/,2025-05-28 08:23:39+00:00
https://www.instagram.com/lilmae014/reel/DKNxUwbo9y2/,2025-05-28 23:10:04+00:00
https://www.instagram.com/lilmae014/reel/DKPFypCImfT/,2025-05-29 11:28:20+00:00
https://www.instagram.com/lilmae014/reel/DKQAdh-IyNy/,2025-05-29 20:04:35+00:00
https://www.instagram.com/lilmae014/reel/DKRTKEfItmQ/,2025-05-30 08:03:34+00:00
https://www.instagram.com/lilmae014/reel/DKSu25_Izmz/,2025-05-30 21:25:01+00:00
https://www.instagram.com/lilmae014/reel/DKT9GMcIVlR/,2025-05-31 08:49:02+00:00
https://www.instagram.com/lilmae014/reel/DKVPy3AoYQc/,2025-05-31 20:51:15+00:00
https://www.instagram.com/lilmae014/reel/DKWahVwIIic/,2025-06-01 07:43:59+00:00
https://www.instagram.com/lilmae014/reel/DKXmxwxNDmz/,2025-06-01 18:50:23+00:00
https://www.instagram.com/lilmae014/reel/DKZJpvutOmW/,2025-06-02 09:14:57+00:00
https://www.instagram.com/lilmae014/reel/DKbzGx5IHqX/,2025-06-03 09:55:01+00:00
https://www.instagram.com/lilmae014/reel/DKdEdSsIZP0/,2025-06-03 21:47:34+00:00
https://www.instagram.com/lilmae014/reel/DKfmLxOo1rJ/,2025-06-04 21:19:14+00:00
https://www.instagram.com/lilmae014/reel/DKiQJ2JIR6_/,2025-06-05 22:06:15+00:00
https://www.instagram.com/lilmae014/reel/DKjWR3-o1OY/,2025-06-06 08:17:09+00:00
https://www.instagram.com/lilmae014/reel/DKkza44I11i/,2025-06-06 21:50:56+00:00
https://www.instagram.com/lilmae014/reel/DKmHyJPIOK7/,2025-06-07 10:08:04+00:00
https://www.instagram.com/lilmae014/reel/DKnbZCEomJF/,2025-06-07 22:18:39+00:00
https://www.instagram.com/lilmae014/reel/DKohMIhosgO/,2025-06-08 08:28:36+00:00
https://www.instagram.com/lilmae014/reel/DKrY73LozF-/,2025-06-09 11:14:22+00:00
https://www.instagram.com/lilmae014/reel/DKseF0KI5-3/,2025-06-09 21:18:31+00:00
https://www.instagram.com/lilmae014/reel/DKyztSeIHs_/,2025-06-12 08:22:53+00:00
https://www.instagram.com/lilmae014/reel/DK0dLsKoaUv/,2025-06-12 23:44:25+00:00
https://www.instagram.com/lilmae014/reel/DK1vEwXIuY6/,2025-06-13 11:40:12+00:00
https://www.instagram.com/lilmae014/reel/DK4SLBvtVDm/,2025-06-14 11:25:34+00:00
https://www.instagram.com/lilmae014/reel/DK5aTghos63/,2025-06-14 21:56:14+00:00
https://www.instagram.com/lilmae014/reel/DK6ymLCoE0u/,2025-06-15 10:46:59+00:00
https://www.instagram.com/lilmae014/reel/DK9L8tXoQMZ/,2025-06-16 09:07:02+00:00
https://www.instagram.com/lilmae014/reel/DK-kcJKo8Iv/,2025-06-16 22:00:14+00:00
https://www.instagram.com/lilmae014/reel/DLBNJVqIWra/,2025-06-17 22:34:45+00:00
https://www.instagram.com/lilmae014/reel/DLCnOutIn7g/,2025-06-18 11:41:45+00:00
https://www.instagram.com/lilmae014/reel/DLDsyvVIdLY/,2025-06-18 21:49:30+00:00
https://www.instagram.com/lilmae014/reel/DLkRd2fNbSx/,2025-07-01 13:25:36+00:00
https://www.instagram.com/lilmae014/reel/DLlO2yjoWw6/,2025-07-01 22:22:29+00:00
https://www.instagram.com/lilmae014/reel/DLmgmoHoEIG/,2025-07-02 10:16:23+00:00
https://www.instagram.com/lilmae014/reel/DLn4ABaIolG/,2025-07-02 23:00:11+00:00
https://www.instagram.com/lilmae014/reel/DLpNCUtIVJP/,2025-07-03 11:23:07+00:00
https://www.instagram.com/lilmae014/reel/DLqWWwlo3yv/,2025-07-03 22:03:57+00:00
https://www.instagram.com/lilmae014/reel/DLrxfnqIkTr/,2025-07-04 11:20:13+00:00
https://www.instagram.com/lilmae014/reel/DLs35H1oF8I/,2025-07-04 21:35:19+00:00
https://www.instagram.com/lilmae014/reel/DLuUtdkI67x/,2025-07-05 11:06:32+00:00
https://www.instagram.com/lilmae014/reel/DLvX-NXIYI7/,2025-07-05 20:54:14+00:00
https://www.instagram.com/lilmae014/reel/DLyHlmbILt9/,2025-07-06 22:29:49+00:00
https://www.instagram.com/lilmae014/reel/DLzgNtSIbBo/,2025-07-07 11:24:05+00:00
https://www.instagram.com/lilmae014/reel/DL0wKAhosDT/,2025-07-07 23:01:40+00:00
https://www.instagram.com/lilmae014/reel/DL15k5poW_V/,2025-07-08 09:43:19+00:00
https://www.instagram.com/lilmae014/reel/DL3aa_3okGS/,2025-07-08 23:49:27+00:00
https://www.instagram.com/lilmae014/reel/DL4plZGI2P-/,2025-07-09 11:21:20+00:00
https://www.instagram.com/lilmae014/reel/DL51_81IzTj/,2025-07-09 22:29:23+00:00
https://www.instagram.com/lilmae014/reel/DL7HBHIo9Iq/,2025-07-10 10:17:11+00:00
https://www.instagram.com/lilmae014/reel/DL8bJQjoOR9/,2025-07-10 22:32:40+00:00
https://www.instagram.com/lilmae014/reel/DL9pX-EITce/,2025-07-11 09:55:53+00:00
https://www.instagram.com/lilmae014/reel/DL-xGP-ol8B/,2025-07-11 20:23:50+00:00
https://www.instagram.com/lilmae014/reel/DMAWoppoiha/,2025-07-12 11:09:52+00:00
